{
  "T_camera_to_world": [
    [
      -0.6331178034988286,
      -0.16836122936033276,
      0.755523886678043,
      -0.0920678197899046
    ],
    [
      -0.7737448930934265,
      0.16529747711286596,
      -0.6115517839659728,
      -0.1395259053405039
    ],
    [
      -0.021924582200371523,
      -0.9717670711175592,
      -0.2349214170460841,
      0.38044844015253715
    ],
    [
      0.0,
      0.0,
      0.0,
      1.0
    ]
  ],
  "rotation_quaternion_xyzw": [
    -0.3303430551844513,
    0.71297557771248,
    -0.5551799053775,
    0.2726069774271898
  ],
  "translation_xyz": [
    -0.0920678197899046,
    -0.1395259053405039,
    0.38044844015253715
  ],
  "description": "Transform from camera frame to world frame (robot base)",
  "samples_used": 31,
  "translation_std_mm": [
    1106.8964474890597,
    314.26877679806427,
    8.63803573322304
  ]
}