{
  "T_camera_to_world": [
    [
      -0.9820329334460761,
      0.0287054823151527,
      0.1865135729976489,
      0.1711089662232196
    ],
    [
      -0.17430277751725687,
      0.24078572663124173,
      -0.9547988142014184,
      -0.10576976885661828
    ],
    [
      -0.07231776667641562,
      -0.9701537141792117,
      -0.23145606815811962,
      1.1479398864089374
    ],
    [
      0.0,
      0.0,
      0.0,
      1.0
    ]
  ],
  "rotation_quaternion_xyzw": [
    -0.04646882847888977,
    0.7833062504913767,
    -0.6143677926650931,
    0.08260860280117029
  ],
  "translation_xyz": [
    0.1711089662232196,
    -0.10576976885661828,
    1.1479398864089374
  ],
  "description": "Transform from camera frame to world frame (robot base)"
}